{"cameraMode":{"drawMode":0,"name":"Shaded","section":"Shading Mode"},"sceneLighting":true,"audioPlay":false,"sceneViewState":{"showFog":true,"showMaterialUpdate":true,"showSkybox":true,"showFlares":true,"showImageEffects":true,"showParticleSystems":true},"in2DMode":false,"pivot":{"x":-0.003570297732949257,"y":0.0043632518500089649,"z":-0.0034868912771344187},"rotation":{"x":-0.13155962526798249,"y":-0.07368434220552445,"z":0.00981064885854721,"w":-0.9885222911834717},"size":0.3666447699069977,"orthographic":true}