{"cameraMode":{"drawMode":0,"name":"Shaded","section":"Shading Mode"},"sceneLighting":false,"audioPlay":false,"sceneViewState":{"showFog":true,"showMaterialUpdate":true,"showSkybox":false,"showFlares":true,"showImageEffects":true,"showParticleSystems":true},"in2DMode":false,"pivot":{"x":-3.4000015258789064,"y":20.138084411621095,"z":-1.3164112567901612},"rotation":{"x":0.002206918317824602,"y":0.9972520470619202,"z":-0.06622430682182312,"w":0.03322162479162216},"size":51.208740234375,"orthographic":false}