{"cameraMode":{"drawMode":0,"name":"Shaded","section":"Shading Mode"},"sceneLighting":false,"audioPlay":false,"sceneViewState":{"showFog":true,"showMaterialUpdate":true,"showSkybox":false,"showFlares":true,"showImageEffects":true,"showParticleSystems":true},"in2DMode":false,"pivot":{"x":-0.25080299377441409,"y":-3.3828608989715578,"z":-0.12418437004089356},"rotation":{"x":-0.1625937968492508,"y":0.07598955929279328,"z":-0.012560457922518254,"w":-0.983683168888092},"size":1.292951226234436,"orthographic":false}