{"cameraMode":{"drawMode":0,"name":"Shaded","section":"Shading Mode"},"sceneLighting":false,"audioPlay":false,"sceneViewState":{"showFog":true,"showMaterialUpdate":true,"showSkybox":false,"showFlares":true,"showImageEffects":true,"showParticleSystems":true},"in2DMode":false,"pivot":{"x":0.1654287576675415,"y":0.8024368286132813,"z":-0.9591757655143738},"rotation":{"x":-0.00040379175334237516,"y":0.9953572154045105,"z":-0.09615995734930039,"w":-0.0041795033030211929},"size":2.565906047821045,"orthographic":false}