{"cameraMode":{"drawMode":0,"name":"Shaded","section":"Shading Mode"},"sceneLighting":true,"audioPlay":false,"sceneViewState":{"showFog":true,"showMaterialUpdate":true,"showSkybox":true,"showFlares":true,"showImageEffects":true,"showParticleSystems":true},"in2DMode":false,"pivot":{"x":0.24432995915412904,"y":0.21092203259468079,"z":-0.3367091417312622},"rotation":{"x":0.002206918317824602,"y":0.9972520470619202,"z":-0.06622430682182312,"w":0.03322162479162216},"size":2.162712574005127,"orthographic":false}